STATECODE,DIV,State,Year,Population,StateCaseNumYearly,CrimeRate
1,6,Alabama,2012,4815588,700,0.000145361272600563
1,6,Alabama,2013,4830081,692,0.0001432688188873023
1,6,Alabama,2014,4841799,8000,0.0016522784196535214
1,6,Alabama,2015,4852347,30799,0.0063472377387684764
1,6,Alabama,2016,4863525,31991,0.006577739396836656
1,6,Alabama,2017,4874486,31576,0.006477811198965388
1,6,Alabama,2018,4887681,30458,0.006231585080941248
1,6,Alabama,2019,4903185,17237,0.0035154700465105846
1,6,Alabama,2020,5031864,12906,0.0025648546940060385
1,6,Alabama,2021,5050380,19356,0.003832582894752474
1,6,Alabama,2022,5073903,22383,0.004411396906878196
2,8,Arizona,2012,6554978,16288,0.002484829087145678
2,8,Arizona,2013,6632764,16262,0.0024517682221167525
2,8,Arizona,2014,6730413,16137,0.002397624038821986
2,8,Arizona,2015,6829676,18119,0.0026529809027543913
2,8,Arizona,2016,6941072,18623,0.0026830149579200446
2,8,Arizona,2017,7044008,20902,0.0029673447276039435
2,8,Arizona,2018,7158024,20284,0.002833742943583313
2,8,Arizona,2019,7278717,19592,0.0026916831633926695
2,8,Arizona,2020,7186683,18457,0.0025682223635020494
2,8,Arizona,2021,7272487,11171,0.0015360632476895456
2,8,Arizona,2022,7365684,13028,0.0017687427264053142
3,7,Arkansas,2012,2952164,22871,0.007747198326380242
3,7,Arkansas,2013,2959400,21941,0.007414002838413192
3,7,Arkansas,2014,2967392,22004,0.007415265660890101
3,7,Arkansas,2015,2978048,23260,0.007810485257457233
3,7,Arkansas,2016,2989918,25509,0.008531672106057759
3,7,Arkansas,2017,3001345,25227,0.008405231654474911
3,7,Arkansas,2018,3009733,25333,0.008417025696299306
3,7,Arkansas,2019,3017804,24905,0.008252689704168991
3,7,Arkansas,2020,3014348,22696,0.0075293230907645696
3,7,Arkansas,2021,3028443,23396,0.0077254219412417535
3,7,Arkansas,2022,3046404,18325,0.006015288845471579
4,9,California,2012,37948800,122841,0.0032370193523905896
4,9,California,2013,38260787,121922,0.0031866046038206168
4,9,California,2014,38596972,121535,0.003148822140762752
4,9,California,2015,38918045,120253,0.0030899034111297216
4,9,California,2016,39167117,119203,0.0030434458579118805
4,9,California,2017,39358497,120953,0.0030731102358913754
4,9,California,2018,39461588,119335,0.0030240800243517825
4,9,California,2019,39512223,117232,0.0029669806226797213
4,9,California,2020,39503200,110257,0.002791090342048239
4,9,California,2021,39145060,19360,0.0004945707070061969
4,9,California,2022,39040616,92613,0.0023722217907627277
5,8,Colorado,2012,5192647,21172,0.004077303926109362
5,8,Colorado,2013,5269035,20254,0.0038439676335420055
5,8,Colorado,2014,5350101,20452,0.0038227315708619335
5,8,Colorado,2015,5450623,21763,0.003992754589704699
5,8,Colorado,2016,5539215,21814,0.003938103142773841
5,8,Colorado,2017,5611885,22532,0.004015050201492012
5,8,Colorado,2018,5691287,22430,0.003941112089409653
5,8,Colorado,2019,5758736,21337,0.0037051533530969294
5,8,Colorado,2020,5785219,19658,0.003397969895348819
5,8,Colorado,2021,5811596,21026,0.003617939030861746
5,8,Colorado,2022,5841039,17372,0.0029741284042102785
6,1,Connecticut,2012,3594547,14713,0.004093144421258089
6,1,Connecticut,2013,3594841,14387,0.00400212415514344
6,1,Connecticut,2014,3594524,14612,0.004065072315555551
6,1,Connecticut,2015,3587122,14349,0.0040001427328091995
6,1,Connecticut,2016,3578141,14881,0.0041588634992304665
6,1,Connecticut,2017,3573297,14898,0.004169258810560667
6,1,Connecticut,2018,3571520,14353,0.00401873712032972
6,1,Connecticut,2019,3565287,13740,0.0038538271953982945
6,1,Connecticut,2020,3577586,11886,0.003322351999364935
6,1,Connecticut,2021,3603691,11718,0.0032516661389669645
6,1,Connecticut,2022,3608706,9995,0.0027696908531756256
7,5,Delaware,2012,915179,6125,0.006692679792696292
7,5,Delaware,2013,923576,6056,0.0065571214496695455
7,5,Delaware,2014,932487,6005,0.006439768061109699
7,5,Delaware,2015,941252,6059,0.006437170917033908
7,5,Delaware,2016,948921,5899,0.006216534358497704
7,5,Delaware,2017,956823,5751,0.006010516051558125
7,5,Delaware,2018,965479,5485,0.005681117869989922
7,5,Delaware,2019,973764,5376,0.0055208448864406574
7,5,Delaware,2020,991862,4687,0.0047254557589664695
7,5,Delaware,2021,1004881,4824,0.004800568425515061
7,5,Delaware,2022,1019459,4075,0.003997218132362361
8,5,District of Columbia,2012,634924,207,0.000326023272076658
8,5,District of Columbia,2013,650581,248,0.0003811977294141698
8,5,District of Columbia,2014,662328,252,0.0003804761387107294
8,5,District of Columbia,2015,675400,244,0.000361267397098016
8,5,District of Columbia,2016,685815,269,0.0003922340572895023
8,5,District of Columbia,2017,694906,253,0.00036407801918532867
8,5,District of Columbia,2018,701547,261,0.00037203494562730653
8,5,District of Columbia,2019,705749,251,0.00035565052164438063
8,5,District of Columbia,2020,670839,213,0.00031751284585422135
8,5,District of Columbia,2021,669037,345,0.0005156665475900436
8,5,District of Columbia,2022,670949,495,0.0007377609922661783
9,5,Florida,2012,19297822,1156,5.990313311004734e-05
9,5,Florida,2013,19545621,1165,5.960414355727045e-05
9,5,Florida,2014,19845911,1169,5.890382154792491e-05
9,5,Florida,2015,20209042,1204,5.957729218435985e-05
9,5,Florida,2016,20613477,1204,5.840838981216027e-05
9,5,Florida,2017,20963613,6560,0.0003129231588085508
9,5,Florida,2018,21244317,1150,5.413212389929975e-05
9,5,Florida,2019,21477737,7270,0.0003384900373814988
9,5,Florida,2020,21591299,11715,0.0005425796752664118
9,5,Florida,2021,21830708,5448,0.00024955672532471235
9,5,Florida,2022,22245521,9732,0.00043748132489232326
10,5,Georgia,2012,9901430,56698,0.0057262435829976074
10,5,Georgia,2013,9972479,54404,0.005455413844441287
10,5,Georgia,2014,10067278,53223,0.005286731924955286
10,5,Georgia,2015,10178447,52059,0.005114630945172677
10,5,Georgia,2016,10301890,52570,0.005102947129119025
10,5,Georgia,2017,10410330,54038,0.005190805670905726
10,5,Georgia,2018,10511131,52458,0.0049907093727592205
10,5,Georgia,2019,10617423,37482,0.0035302351615829944
10,5,Georgia,2020,10732390,28507,0.002656165122586861
10,5,Georgia,2021,10790385,38197,0.0035399107631470055
10,5,Georgia,2022,10913150,31747,0.0029090592542024988
11,8,Idaho,2012,1595324,11359,0.007120183736971299
11,8,Idaho,2013,1611206,11169,0.006932074483337327
11,8,Idaho,2014,1631112,11116,0.006814982662134789
11,8,Idaho,2015,1651059,11621,0.007038512857505395
11,8,Idaho,2016,1682380,11263,0.006694682533078139
11,8,Idaho,2017,1717715,11495,0.0066920298186835415
11,8,Idaho,2018,1750536,11509,0.006574557735459311
11,8,Idaho,2019,1787065,10103,0.005653403765391858
11,8,Idaho,2020,1849339,9436,0.005102363601265101
11,8,Idaho,2021,1904537,10237,0.005375059660169375
11,8,Idaho,2022,1938996,8515,0.004391447945225261
12,3,Illinois,2012,12882510,1410,0.00010945072039532669
12,3,Illinois,2013,12895129,1421,0.00011019664867253364
12,3,Illinois,2014,12884493,1426,0.00011067567811942619
12,3,Illinois,2015,12858913,1426,0.00011089584321785208
12,3,Illinois,2016,12820527,1419,0.00011068187758584338
12,3,Illinois,2017,12778828,1294,0.0001012612424237966
12,3,Illinois,2018,12723071,1313,0.00010319835517698518
12,3,Illinois,2019,12671821,1289,0.00010172176516697955
12,3,Illinois,2020,12790357,1397,0.00010922290910253717
12,3,Illinois,2021,12690341,21625,0.0017040519242154327
12,3,Illinois,2022,12582515,26516,0.0021073688368342895
13,3,Indiana,2012,6537703,27636,0.004227172754712167
13,3,Indiana,2013,6568713,26566,0.00404432344661732
13,3,Indiana,2014,6593644,28518,0.004325074268492506
13,3,Indiana,2015,6608422,28599,0.004327659462425372
13,3,Indiana,2016,6634304,29019,0.004374083551190901
13,3,Indiana,2017,6658078,34548,0.005188884840339809
13,3,Indiana,2018,6695497,32239,0.004815027174233668
13,3,Indiana,2019,6732219,27579,0.004096569051006808
13,3,Indiana,2020,6789098,20011,0.002947519685236537
13,3,Indiana,2021,6813798,19897,0.002920104176848213
13,3,Indiana,2022,6832274,15786,0.0023105045260187165
14,4,Iowa,2012,3076190,20525,0.006672214655141588
14,4,Iowa,2013,3092997,20282,0.006557394009758173
14,4,Iowa,2014,3109350,20659,0.0066441539228456106
14,4,Iowa,2015,3120960,21801,0.006985350661334974
14,4,Iowa,2016,3131371,21797,0.006960848778378544
14,4,Iowa,2017,3141550,22082,0.007029014340055068
14,4,Iowa,2018,3148618,19515,0.006197957326039552
14,4,Iowa,2019,3155070,20390,0.006462614141683069
14,4,Iowa,2020,3190904,20161,0.006318272188696369
14,4,Iowa,2021,3197944,18313,0.005726491770962843
14,4,Iowa,2022,3199693,14998,0.004687324690212468
15,4,Kansas,2012,2885257,19808,0.006865246319478646
15,4,Kansas,2013,2893212,19538,0.006753048169301109
15,4,Kansas,2014,2900475,19035,0.006562718175471259
15,4,Kansas,2015,2909011,18412,0.0063292988579280035
15,4,Kansas,2016,2910844,17952,0.006167283440816478
15,4,Kansas,2017,2908718,19109,0.006569560885586021
15,4,Kansas,2018,2911359,11266,0.003869670487219199
15,4,Kansas,2019,2913314,18106,0.006214915385022006
15,4,Kansas,2020,2938124,17544,0.0059711571056905695
15,4,Kansas,2021,2937946,19955,0.006792160237118041
15,4,Kansas,2022,2936716,14573,0.00496234569498719
16,6,Kentucky,2012,4386346,31593,0.007202578182386889
16,6,Kentucky,2013,4404659,31604,0.00717512978870782
16,6,Kentucky,2014,4414349,31848,0.007214653848166513
16,6,Kentucky,2015,4425976,33201,0.007501396302194137
16,6,Kentucky,2016,4438182,34397,0.007750245483398382
16,6,Kentucky,2017,4452268,35056,0.007873739855731955
16,6,Kentucky,2018,4461153,35054,0.007857609904883335
16,6,Kentucky,2019,4467673,34610,0.007746762128741294
16,6,Kentucky,2020,4508155,31113,0.006901492961089404
16,6,Kentucky,2021,4507600,32854,0.007288579288313071
16,6,Kentucky,2022,4511563,23758,0.0052660242137813435
17,7,Louisiana,2012,4600972,22770,0.00494895426444673
17,7,Louisiana,2013,4624527,24602,0.00531989541849361
17,7,Louisiana,2014,4644013,21514,0.004632631304003671
17,7,Louisiana,2015,4664628,22568,0.004838113564468592
17,7,Louisiana,2016,4678135,26058,0.0055701684538817285
17,7,Louisiana,2017,4670560,25761,0.005515612688842451
17,7,Louisiana,2018,4659690,26323,0.005649088244067738
17,7,Louisiana,2019,4648794,25026,0.005383331676989774
17,7,Louisiana,2020,4652022,21785,0.004682909926049361
17,7,Louisiana,2021,4627047,16518,0.0035698794501114856
17,7,Louisiana,2022,4588023,13982,0.0030474999798388107
18,1,Maine,2012,1327729,15651,0.011787797057983971
18,1,Maine,2013,1328009,15094,0.011365886827574211
18,1,Maine,2014,1330513,14690,0.011040854166776274
18,1,Maine,2015,1328262,14561,0.010962445662075705
18,1,Maine,2016,1331317,14288,0.010732229814537034
18,1,Maine,2017,1334612,13021,0.00975639361851984
18,1,Maine,2018,1339057,12556,0.009376747965172506
18,1,Maine,2019,1344212,14377,0.010695485533531912
18,1,Maine,2020,1364517,11078,0.008118623659507357
18,1,Maine,2021,1378787,9169,0.006650048194536212
18,1,Maine,2022,1389338,7736,0.005568119492880782
19,5,Maryland,2012,5886992,16834,0.00285952486431101
19,5,Maryland,2013,5923188,16864,0.002847115438510478
19,5,Maryland,2014,5957283,17437,0.0029270054821971692
19,5,Maryland,2015,5985562,16917,0.002826301022360139
19,5,Maryland,2016,6003323,17027,0.002836262516609551
19,5,Maryland,2017,6023868,25174,0.004179042435856828
19,5,Maryland,2018,6035802,19724,0.0032678341668596817
19,5,Maryland,2019,6045680,38330,0.006340064310383612
19,5,Maryland,2020,6173689,13737,0.002225087787868809
19,5,Maryland,2021,6175045,6608,0.0010701136590907435
19,5,Maryland,2022,6163981,9650,0.0015655466816007382
20,1,Massachusetts,2012,6663005,31803,0.004773071609581563
20,1,Massachusetts,2013,6713315,30725,0.004576725507443044
20,1,Massachusetts,2014,6762596,29291,0.004331324834427489
20,1,Massachusetts,2015,6794228,28670,0.004219758300722319
20,1,Massachusetts,2016,6823608,28784,0.00421829624445015
20,1,Massachusetts,2017,6859789,28226,0.0041147038196072796
20,1,Massachusetts,2018,6882635,26670,0.003874969397621696
20,1,Massachusetts,2019,6892503,26378,0.0038270567310598196
20,1,Massachusetts,2020,6997713,22479,0.00321233523009589
20,1,Massachusetts,2021,6991951,23088,0.003302082637592855
20,1,Massachusetts,2022,6982740,20514,0.002937815241581385
21,3,Michigan,2012,9897145,59121,0.005973540854458533
21,3,Michigan,2013,9913065,58277,0.005878807412238294
21,3,Michigan,2014,9929848,56454,0.0056852834001084405
21,3,Michigan,2015,9931715,58727,0.005913077449362975
21,3,Michigan,2016,9950571,60467,0.006076736701843543
21,3,Michigan,2017,9973114,58380,0.00585373836095727
21,3,Michigan,2018,9984072,56349,0.005643889587334707
21,3,Michigan,2019,9986857,47643,0.004770569960098558
21,3,Michigan,2020,10070627,42131,0.004183552821487679
21,3,Michigan,2021,10038117,44147,0.004397936385877949
21,3,Michigan,2022,10033281,37247,0.003712344944789247
22,4,Minnesota,2012,5376643,34098,0.006341875404411265
22,4,Minnesota,2013,5413479,34255,0.006327723816791383
22,4,Minnesota,2014,5451079,34102,0.006256009131403159
22,4,Minnesota,2015,5482032,34833,0.006354030768153123
22,4,Minnesota,2016,5522744,31198,0.005649003466392793
22,4,Minnesota,2017,5566230,38439,0.006905751289472408
22,4,Minnesota,2018,5606249,37936,0.006766734763297171
22,4,Minnesota,2019,5639632,37300,0.006613906722991855
22,4,Minnesota,2020,5710578,33228,0.005818675447564152
22,4,Minnesota,2021,5717968,32864,0.005747496313375661
22,4,Minnesota,2022,5714300,26244,0.004592688518278704
23,6,Mississippi,2012,2983816,17160,0.005751024862122866
23,6,Mississippi,2013,2988711,14326,0.004793370787607099
23,6,Mississippi,2014,2990468,13556,0.004533069740254703
23,6,Mississippi,2015,2988471,12815,0.004288146011789976
23,6,Mississippi,2016,2987938,12288,0.0041125351329244445
23,6,Mississippi,2017,2988510,13094,0.004381447611016861
23,6,Mississippi,2018,2981020,12364,0.004147573649287827
23,6,Mississippi,2019,2976149,11528,0.003873461980566161
23,6,Mississippi,2020,2958409,11791,0.003985588199603232
23,6,Mississippi,2021,2949582,11360,0.0038513931804574344
23,6,Mississippi,2022,2938928,9857,0.0033539440231268
24,4,Missouri,2012,6024367,50236,0.008338801404363314
24,4,Missouri,2013,6040715,49465,0.008188600190540359
24,4,Missouri,2014,6056202,49169,0.008118784677261426
24,4,Missouri,2015,6071732,49124,0.008090607424701881
24,4,Missouri,2016,6087135,49629,0.008153096653844543
24,4,Missouri,2017,6106670,47918,0.007846829777931344
24,4,Missouri,2018,6121623,45200,0.007383662796614558
24,4,Missouri,2019,6137428,39482,0.006432987890041235
24,4,Missouri,2020,6154426,34974,0.005682739543866479
24,4,Missouri,2021,6170393,33046,0.00535557459630205
24,4,Missouri,2022,6177168,26182,0.0042385118876481906
25,8,Montana,2012,1003783,7743,0.00771381862414486
25,8,Montana,2013,1013569,7394,0.007295013955635975
25,8,Montana,2014,1021869,7277,0.007121265054522644
25,8,Montana,2015,1030475,7595,0.007370387442684199
25,8,Montana,2016,1040859,8540,0.008204761643988282
25,8,Montana,2017,1052482,8249,0.007837663732016319
25,8,Montana,2018,1060665,7683,0.007243568893100083
25,8,Montana,2019,1068778,7468,0.00698741927696865
25,8,Montana,2020,1087211,6970,0.006410899080307318
25,8,Montana,2021,1106366,6712,0.006066708485257139
25,8,Montana,2022,1122878,5670,0.005049524525371412
26,4,Nebraska,2012,1853303,13697,0.0073905885869714775
26,4,Nebraska,2013,1865279,13802,0.00739942925428314
26,4,Nebraska,2014,1879321,13712,0.007296252210239762
26,4,Nebraska,2015,1891277,13165,0.006960905250790868
26,4,Nebraska,2016,1905616,13603,0.007138374153029782
26,4,Nebraska,2017,1915947,11180,0.00583523448195592
26,4,Nebraska,2018,1925614,12765,0.006629054421083353
26,4,Nebraska,2019,1934408,12606,0.006516722428774074
26,4,Nebraska,2020,1963273,10241,0.005216289329094833
26,4,Nebraska,2021,1964253,12660,0.006445198250938143
26,4,Nebraska,2022,1968060,9457,0.004805239677652104
27,8,Nevada,2012,2743996,6169,0.002248181119797551
27,8,Nevada,2013,2775970,5829,0.002099806554105412
27,8,Nevada,2014,2817628,6127,0.002174524103252807
27,8,Nevada,2015,2866939,6442,0.002246995837720998
27,8,Nevada,2016,2917563,6883,0.0023591607104970825
27,8,Nevada,2017,2969905,12644,0.004257375235908219
27,8,Nevada,2018,3027341,11937,0.003943064226989956
27,8,Nevada,2019,3080156,9367,0.0030410797375197878
27,8,Nevada,2020,3115840,8612,0.0027639416658108247
27,8,Nevada,2021,3146632,5820,0.0018495966480986655
27,8,Nevada,2022,3177421,5159,0.0016236438293823828
28,1,New Hampshire,2012,1324232,13497,0.01019232279540141
28,1,New Hampshire,2013,1326622,13424,0.01011893365254006
28,1,New Hampshire,2014,1333341,14987,0.011240185368934128
28,1,New Hampshire,2015,1336350,15705,0.011752160736334043
28,1,New Hampshire,2016,1342307,16140,0.012024074969436947
28,1,New Hampshire,2017,1348787,16251,0.01204860367129873
28,1,New Hampshire,2018,1353465,14850,0.010971838946703462
28,1,New Hampshire,2019,1359711,14156,0.010411035874535103
28,1,New Hampshire,2020,1378702,12531,0.009088983696259234
28,1,New Hampshire,2021,1387494,12485,0.008998237109493807
28,1,New Hampshire,2022,1399003,9292,0.006641872819429265
29,2,New Jersey,2012,8844942,63737,0.007206039338641225
29,2,New Jersey,2013,8856972,62166,0.007018877331891757
29,2,New Jersey,2014,8864525,61483,0.006935848226498318
29,2,New Jersey,2015,8867949,60407,0.006811834393725088
29,2,New Jersey,2016,8870827,61548,0.00693824826028058
29,2,New Jersey,2017,8885525,67241,0.007567476316818646
29,2,New Jersey,2018,8886025,63851,0.0071855525952267746
29,2,New Jersey,2019,8882190,60935,0.006860357637024203
29,2,New Jersey,2020,9272392,50042,0.005396881408810154
29,2,New Jersey,2021,9269175,24456,0.0026384225133304746
29,2,New Jersey,2022,9260817,30502,0.0032936618874986946
30,8,New Mexico,2012,2087309,9520,0.00456089635027684
30,8,New Mexico,2013,2092273,8513,0.004068780699268212
30,8,New Mexico,2014,2089568,8653,0.004141047336100093
30,8,New Mexico,2015,2089291,10360,0.00495861993374786
30,8,New Mexico,2016,2091630,9711,0.004642790550910056
30,8,New Mexico,2017,2091784,9896,0.004730889996290248
30,8,New Mexico,2018,2092741,9446,0.00451369758608447
30,8,New Mexico,2019,2096829,9190,0.004382808517051223
30,8,New Mexico,2020,2118488,7187,0.0033925139061443824
30,8,New Mexico,2021,2116950,6677,0.0031540659911665366
30,8,New Mexico,2022,2113476,6175,0.0029217270506028932
31,2,New York,2012,19572932,61450,0.0031395398502380737
31,2,New York,2013,19624447,59251,0.003019244312973507
31,2,New York,2014,19651049,57151,0.002908292580207805
31,2,New York,2015,19654666,52232,0.0026574860137536806
31,2,New York,2016,19633428,52263,0.0026619396266408493
31,2,New York,2017,19589572,56227,0.0028702515807900245
31,2,New York,2018,19530351,54255,0.0027779838672638297
31,2,New York,2019,19453561,48869,0.0025120850624726237
31,2,New York,2020,20104710,40279,0.002003460880559829
31,2,New York,2021,19854526,12461,0.0006276150838352928
31,2,New York,2022,19673200,35405,0.0017996563853363966
32,5,North Carolina,2012,9749476,52285,0.005362852321499125
32,5,North Carolina,2013,9843336,49575,0.005036402292881194
32,5,North Carolina,2014,9932887,50291,0.005063079847782422
32,5,North Carolina,2015,10031646,43556,0.004341859750633146
32,5,North Carolina,2016,10154788,43864,0.0043195387239989644
32,5,North Carolina,2017,10268233,45973,0.004477206545663699
32,5,North Carolina,2018,10381615,79926,0.007698802161320758
32,5,North Carolina,2019,10488084,35569,0.003391372532866823
32,5,North Carolina,2020,10453812,38200,0.0036541694072937223
32,5,North Carolina,2021,10567100,42974,0.004066773286899907
32,5,North Carolina,2022,10695965,34006,0.0031793297752937674
33,4,North Dakota,2012,701176,6433,0.009174586694353486
33,4,North Dakota,2013,722036,6790,0.009403963237290107
33,4,North Dakota,2014,737401,7078,0.009598576622488985
33,4,North Dakota,2015,754066,8021,0.010636999944301957
33,4,North Dakota,2016,754434,8126,0.010770988582168885
33,4,North Dakota,2017,754942,7927,0.010500144381952521
33,4,North Dakota,2018,758080,7686,0.010138771633600675
33,4,North Dakota,2019,762062,7591,0.009961131771430671
33,4,North Dakota,2020,779563,7448,0.009554070678059374
33,4,North Dakota,2021,777982,6917,0.008890951204526583
33,4,North Dakota,2022,778912,5817,0.0074681093628035005
34,3,Ohio,2012,11548923,48805,0.004225935180276118
34,3,Ohio,2013,11576684,47408,0.0040951277585187604
34,3,Ohio,2014,11602700,47903,0.004128607996414627
34,3,Ohio,2015,11617527,47297,0.0040711762494720265
34,3,Ohio,2016,11634370,49871,0.004286523464527946
34,3,Ohio,2017,11659650,51696,0.00443375229959733
34,3,Ohio,2018,11676341,51018,0.004369348240172157
34,3,Ohio,2019,11689100,46194,0.003951886800523565
34,3,Ohio,2020,11798292,38610,0.0032725075799107193
34,3,Ohio,2021,11765227,39894,0.003390839802750937
34,3,Ohio,2022,11759697,34609,0.0029430180046305615
35,7,Oklahoma,2012,3818814,25722,0.006735599062955148
35,7,Oklahoma,2013,3853214,24836,0.0064455283303756295
35,7,Oklahoma,2014,3878187,24921,0.006425940781091783
35,7,Oklahoma,2015,3909500,26019,0.006655326768128917
35,7,Oklahoma,2016,3926331,27219,0.006932426226927887
35,7,Oklahoma,2017,3931316,27822,0.00707701950186655
35,7,Oklahoma,2018,3940235,27832,0.007063538088464267
35,7,Oklahoma,2019,3956971,26349,0.006658881250330114
35,7,Oklahoma,2020,3965234,24299,0.006128011612933814
35,7,Oklahoma,2021,3991634,25557,0.006402641123910659
35,7,Oklahoma,2022,4019271,20389,0.005072810467370824
36,9,Oregon,2012,3899001,20979,0.005380609032929204
36,9,Oregon,2013,3922468,22316,0.005689275221620674
36,9,Oregon,2014,3963244,22027,0.005557820815473385
36,9,Oregon,2015,4015792,19068,0.004748253893627957
36,9,Oregon,2016,4089976,21642,0.005291473592999078
36,9,Oregon,2017,4143625,20886,0.005040514042655887
36,9,Oregon,2018,4181886,21894,0.005235436834002649
36,9,Oregon,2019,4217737,20748,0.004919225641617768
36,9,Oregon,2020,4245044,19189,0.004520330060183122
36,9,Oregon,2021,4256465,18208,0.004277728114761898
36,9,Oregon,2022,4239379,15237,0.003594158484060991
37,2,Pennsylvania,2012,12767118,104166,0.008158928271830807
37,2,Pennsylvania,2013,12776309,103965,0.008137326672358973
37,2,Pennsylvania,2014,12788313,103668,0.008106464081697093
37,2,Pennsylvania,2015,12784826,102468,0.008014813811310377
37,2,Pennsylvania,2016,12782275,101930,0.007974323819507873
37,2,Pennsylvania,2017,12787641,104110,0.008141454706149477
37,2,Pennsylvania,2018,12800922,101208,0.00790630549893203
37,2,Pennsylvania,2019,12801989,85692,0.006693647369951654
37,2,Pennsylvania,2020,12995477,18171,0.0013982557162003364
37,2,Pennsylvania,2021,13013614,19427,0.0014928212869999063
37,2,Pennsylvania,2022,12972091,51959,0.004005445228529463
38,1,Rhode Island,2012,1054621,6765,0.006414626676313102
38,1,Rhode Island,2013,1055081,6217,0.005892438590022946
38,1,Rhode Island,2014,1055936,6134,0.005809064185708225
38,1,Rhode Island,2015,1056065,5850,0.005539431758461837
38,1,Rhode Island,2016,1056770,5841,0.005527219735609452
38,1,Rhode Island,2017,1055673,5908,0.005596429955109205
38,1,Rhode Island,2018,1058287,5936,0.005609064459829895
38,1,Rhode Island,2019,1059361,5896,0.005565619274260616
38,1,Rhode Island,2020,1096444,5114,0.004664168895082649
38,1,Rhode Island,2021,1097092,5402,0.004923926161160596
38,1,Rhode Island,2022,1093842,4501,0.004114853882004896
39,5,South Carolina,2012,4717354,34513,0.0073161776707874795
39,5,South Carolina,2013,4764080,33864,0.007108192977447901
39,5,South Carolina,2014,4823617,34267,0.00710400514800408
39,5,South Carolina,2015,4891938,34120,0.00697474089001128
39,5,South Carolina,2016,4957968,34409,0.006940141606400042
39,5,South Carolina,2017,5021268,33277,0.00662721049742814
39,5,South Carolina,2018,5084156,33341,0.006557823953474284
39,5,South Carolina,2019,5148714,31299,0.0060789937060011495
39,5,South Carolina,2020,5132151,29899,0.0058258223501218105
39,5,South Carolina,2021,5193848,32465,0.006250664247394225
39,5,South Carolina,2022,5282955,26831,0.0050787863988998585
40,4,South Dakota,2012,833566,7077,0.008490029583740219
40,4,South Dakota,2013,842316,6992,0.008300922694095802
40,4,South Dakota,2014,849129,7182,0.008458078807813654
40,4,South Dakota,2015,853988,8193,0.009593811622645752
40,4,South Dakota,2016,862996,8193,0.00949367088607595
40,4,South Dakota,2017,872868,8182,0.009373696824720347
40,4,South Dakota,2018,878698,7650,0.008706062833874664
40,4,South Dakota,2019,884659,7634,0.008629313667752207
40,4,South Dakota,2020,887852,7899,0.008896753062447344
40,4,South Dakota,2021,896299,7006,0.007816587991284159
40,4,South Dakota,2022,909869,5626,0.006183307706933636
41,6,Tennessee,2012,6453898,50254,0.007786612059874513
41,6,Tennessee,2013,6494340,48496,0.0074674254812652245
41,6,Tennessee,2014,6541223,47797,0.007307043346481232
41,6,Tennessee,2015,6591170,47342,0.007182639804465671
41,6,Tennessee,2016,6646010,48919,0.0073606569957011805
41,6,Tennessee,2017,6708799,48519,0.007232143935151434
41,6,Tennessee,2018,6771631,46736,0.006901734604262991
41,6,Tennessee,2019,6829174,45776,0.00670300683508723
41,6,Tennessee,2020,6926091,42445,0.006128276397176994
41,6,Tennessee,2021,6963709,42165,0.006054962951496106
41,6,Tennessee,2022,7048976,32475,0.004607052144878916
42,7,Texas,2012,26084481,112387,0.004308577195766326
42,7,Texas,2013,26480266,109082,0.004119369495759597
42,7,Texas,2014,26964333,108699,0.0040312141227450355
42,7,Texas,2015,27470056,109807,0.003997334406598952
42,7,Texas,2016,27914410,109547,0.003924388872987106
42,7,Texas,2017,28295273,338728,0.011971186848064693
42,7,Texas,2018,28628666,104878,0.0036633910919915023
42,7,Texas,2019,28995881,98576,0.00339965528207265
42,7,Texas,2020,29234361,86313,0.002952450371670515
42,7,Texas,2021,29561286,83629,0.002829004123839538
42,7,Texas,2022,30029848,69929,0.002328649815343721
43,8,Utah,2012,2853375,16062,0.005629123406492312
43,8,Utah,2013,2897640,16681,0.0057567537720351735
43,8,Utah,2014,2936879,16480,0.005611399039592711
43,8,Utah,2015,2981835,16844,0.005648870578016557
43,8,Utah,2016,3041868,16719,0.005496293724777012
43,8,Utah,2017,3101042,16780,0.005411084403242523
43,8,Utah,2018,3153550,17054,0.005407873666185727
43,8,Utah,2019,3205958,16515,0.005151346337038726
43,8,Utah,2020,3283982,15247,0.0046428390898610285
43,8,Utah,2021,3339284,16002,0.004792045240836059
43,8,Utah,2022,3381236,13262,0.003922234354537808
44,1,Vermont,2012,626090,6628,0.010586337427526394
44,1,Vermont,2013,626210,5910,0.009437728557512655
44,1,Vermont,2014,625214,4870,0.007789332932403945
44,1,Vermont,2015,625216,4981,0.007966846657795066
44,1,Vermont,2016,623657,5021,0.008050899773433153
44,1,Vermont,2017,624344,5524,0.00884768653178376
44,1,Vermont,2018,624358,5239,0.008391019254978715
44,1,Vermont,2019,623989,5239,0.008395981339414637
44,1,Vermont,2020,642936,4503,0.007003807532942626
44,1,Vermont,2021,647093,4666,0.0072107100524963184
44,1,Vermont,2022,647110,4204,0.006496577088902968
45,5,Virginia,2012,8185080,40405,0.004936420902422457
45,5,Virginia,2013,8252427,40202,0.004871536579481406
45,5,Virginia,2014,8310993,39861,0.00479617778525382
45,5,Virginia,2015,8361808,39512,0.004725293859892502
45,5,Virginia,2016,8410106,39717,0.00472253262919635
45,5,Virginia,2017,8463587,38897,0.004595805537297602
45,5,Virginia,2018,8501286,39090,0.004598127859714401
45,5,Virginia,2019,8535519,38624,0.00452509097572157
45,5,Virginia,2020,8637193,34125,0.00395093637481529
45,5,Virginia,2021,8657348,30469,0.0035194380542401668
45,5,Virginia,2022,8679099,25472,0.0029348668565711716
46,9,Washington,2012,6897058,26624,0.0038601966229659082
46,9,Washington,2013,6963985,25439,0.003652937219135308
46,9,Washington,2014,7054655,25664,0.0036378816540284394
46,9,Washington,2015,7163657,26171,0.0036533016586360848
46,9,Washington,2016,7294771,25729,0.003527046976526062
46,9,Washington,2017,7423362,25861,0.003483731495244338
46,9,Washington,2018,7523869,25456,0.0033833656593436168
46,9,Washington,2019,7614893,25196,0.0033087792566487803
46,9,Washington,2020,7724566,23487,0.0030405591718680376
46,9,Washington,2021,7741433,19468,0.002514779886359541
46,9,Washington,2022,7784477,18197,0.0023376008433193393
47,5,West Virginia,2012,1856872,18182,0.009791735779310582
47,5,West Virginia,2013,1853914,16295,0.008789512350626836
47,5,West Virginia,2014,1849489,15973,0.008636439578716067
47,5,West Virginia,2015,1842050,16537,0.008977497896365462
47,5,West Virginia,2016,1831023,17606,0.009615389866757544
47,5,West Virginia,2017,1817004,16630,0.00915242894346958
47,5,West Virginia,2018,1804291,14714,0.008155003821445654
47,5,West Virginia,2019,1792147,12967,0.007235455573677829
47,5,West Virginia,2020,1791562,13232,0.007385733789843723
47,5,West Virginia,2021,1785249,14353,0.008039774843733282
47,5,West Virginia,2022,1774035,8917,0.005026394631447519
48,3,Wisconsin,2012,5719960,45303,0.007920160280841125
48,3,Wisconsin,2013,5736754,44650,0.007783147054937339
48,3,Wisconsin,2014,5751525,43169,0.007505661541938877
48,3,Wisconsin,2015,5760940,44002,0.007637989633636178
48,3,Wisconsin,2016,5772628,45883,0.007948372907452204
48,3,Wisconsin,2017,5790186,46751,0.008074179309611124
48,3,Wisconsin,2018,5807406,45804,0.007887170278778511
48,3,Wisconsin,2019,5822434,43383,0.007451007602662391
48,3,Wisconsin,2020,5896700,39219,0.006651008191022097
48,3,Wisconsin,2021,5879978,36853,0.006267540456784022
48,3,Wisconsin,2022,5890543,33056,0.005611706764554643
49,8,Wyoming,2012,576305,6020,0.010445857662175411
49,8,Wyoming,2013,582122,6101,0.010480620900773377
49,8,Wyoming,2014,582531,5794,0.009946251787458522
49,8,Wyoming,2015,585613,5816,0.009931473515786023
49,8,Wyoming,2016,584215,5963,0.010206858776306667
49,8,Wyoming,2017,578931,7332,0.01266472170258632
49,8,Wyoming,2018,577601,6627,0.011473318086360654
49,8,Wyoming,2019,578759,6805,0.01175791650756187
49,8,Wyoming,2020,577664,6206,0.010743269443828939
49,8,Wyoming,2021,579548,4258,0.007347104985264378
49,8,Wyoming,2022,581629,3307,0.005685755008777073
50,9,Alaska,2012,730443,3514,0.004810779212067197
50,9,Alaska,2013,737068,3484,0.00472683660123625
50,9,Alaska,2014,736283,3374,0.004582477118173311
50,9,Alaska,2015,737498,3490,0.004732216222959248
50,9,Alaska,2016,741456,3388,0.004569387799141149
50,9,Alaska,2017,739700,17119,0.023143166148438556
50,9,Alaska,2018,735139,16837,0.022903151648871845
50,9,Alaska,2019,731545,15474,0.0211524923278814
50,9,Alaska,2020,732964,16883,0.023033873423524212
50,9,Alaska,2021,734923,2220,0.003020724620130272
50,9,Alaska,2022,733276,2231,0.003042510596282982
51,9,Hawaii,2012,1394804,1337,0.000958557618131293
51,9,Hawaii,2013,1408243,1026,0.0007285674418406482
51,9,Hawaii,2014,1414538,940,0.0006645279236047387
51,9,Hawaii,2015,1422052,1320,0.0009282360982580103
51,9,Hawaii,2016,1427559,1309,0.0009169498423532758
51,9,Hawaii,2017,1424393,1674,0.0011752374520234232
51,9,Hawaii,2018,1420593,1230,0.000865835605271883
51,9,Hawaii,2019,1415872,855,0.0006038681462731094
51,9,Hawaii,2020,1451181,1201,0.0008276017946761982
51,9,Hawaii,2021,1446745,862,0.0005958202724046048
51,9,Hawaii,2022,1439399,699,0.00048561934529619654
